{
	"class_name" : "PinholeCameraParameters",
	"extrinsic" : 
	[
		0.72202065156637008,
		0.58929921228264126,
		-0.36250878212083792,
		0.0,
		-0.39456612157336518,
		0.78111420969482226,
		0.48391958745166097,
		0.0,
		0.56833419254715534,
		-0.20636625163987421,
		0.7964980952682067,
		0.0,
		-1.2198595134518695,
		-2.3008925366733708,
		2.1208138567481187,
		1.0
	],
	"intrinsic" : 
	{
		"height" : 1025,
		"intrinsic_matrix" : 
		[
			887.67603887904966,
			0.0,
			0.0,
			0.0,
			887.67603887904966,
			0.0,
			926.0,
			512.0,
			1.0
		],
		"width" : 1853
	},
	"version_major" : 1,
	"version_minor" : 0
}